wavelength,readnoise,dark_counts,sky_counts,target_counts,total_counts
1194.5000,0,3.2505,3.238e-09,1.018,4.2685
1194.5500,0,3.2505,3.9319e-09,1.087,4.3375
1194.6000,0,3.2505,4.7236e-09,1.0883,4.3388
1194.6500,0,3.2505,5.42e-09,1.0895,4.34
1194.7000,0,3.2505,5.5465e-09,1.0907,4.3412
1194.7500,0,3.2505,5.5416e-09,1.0919,4.3424
1194.8000,0,3.2505,5.5304e-09,1.0932,4.3437
1194.8500,0,3.2505,5.5192e-09,1.0944,4.3449
1194.9000,0,3.2505,5.5079e-09,1.0956,4.3461
1194.9500,0,3.2505,5.4966e-09,1.0969,4.3474
1195.0000,0,3.2505,5.4853e-09,1.0981,4.3486
1195.0500,0,3.2505,5.4739e-09,1.0993,4.3498
1195.1000,0,3.2505,5.4625e-09,1.1005,4.351
1195.1500,0,3.2505,5.4511e-09,1.1018,4.3523
1195.2000,0,3.2505,5.4396e-09,1.103,4.3535
1195.2500,0,3.2505,5.4282e-09,1.1042,4.3547
1195.3000,0,3.2505,5.4166e-09,1.1055,4.356
1195.3500,0,3.2505,5.4051e-09,1.1067,4.3572
1195.4000,0,3.2505,5.3935e-09,1.1079,4.3584
1195.4500,0,3.2505,5.3819e-09,1.1092,4.3597
1195.5000,0,3.2505,5.3702e-09,1.1104,4.3609
1195.5500,0,3.2505,5.3585e-09,1.1117,4.3622
1195.6000,0,3.2505,5.3468e-09,1.1129,4.3634
1195.6500,0,3.2505,5.3351e-09,1.1141,4.3646
1195.7000,0,3.2505,5.3233e-09,1.1154,4.3659
1195.7500,0,3.2505,5.3115e-09,1.1166,4.3671
1195.8000,0,3.2505,5.2996e-09,1.1178,4.3683
1195.8500,0,3.2505,5.2877e-09,1.1126,4.3631
1195.9000,0,3.2505,5.2758e-09,1.0785,4.329
1195.9500,0,3.2505,5.2639e-09,1.0797,4.3302
1196.0000,0,3.2505,5.2519e-09,1.0809,4.3314
1196.0500,0,3.2505,5.2399e-09,1.0821,4.3326
1196.1000,0,3.2505,5.2278e-09,1.0833,4.3338
1196.1500,0,3.2505,5.2157e-09,1.0845,4.335
1196.2000,0,3.2505,5.2036e-09,1.0789,4.3294
1196.2500,0,3.2505,5.1915e-09,1.0704,4.3209
1196.3000,0,3.2505,5.1793e-09,1.0716,4.3221
1196.3500,0,3.2505,5.1671e-09,1.0728,4.3233
1196.4000,0,3.2505,5.1548e-09,1.074,4.3245
1196.4500,0,3.2505,5.1426e-09,1.0752,4.3257
1196.5000,0,3.2505,5.1302e-09,1.0764,4.3269
1196.5500,0,3.2505,5.1179e-09,1.0775,4.328
1196.6000,0,3.2505,5.1055e-09,1.0787,4.3292
1196.6500,0,3.2505,5.0931e-09,1.0603,4.3108
1196.7000,0,3.2505,5.0807e-09,1.0575,4.308
1196.7500,0,3.2505,5.0682e-09,1.0586,4.3091
1196.8000,0,3.2505,5.0557e-09,1.0598,4.3103
1196.8500,0,3.2505,5.0431e-09,1.0609,4.3114
1196.9000,0,3.2505,5.0305e-09,1.0621,4.3126
1196.9500,0,3.2505,5.0179e-09,1.0633,4.3138
1197.0000,0,3.2505,5.0053e-09,1.0644,4.3149
1197.0500,0,3.2505,4.9926e-09,1.0656,4.3161
1197.1000,0,3.2505,4.9799e-09,1.0668,4.3173
1197.1500,0,3.2505,4.9671e-09,1.0679,4.3184
1197.2000,0,3.2505,4.9544e-09,1.0691,4.3196
1197.2500,0,3.2505,4.9415e-09,1.0703,4.3208
1197.3000,0,3.2505,4.9287e-09,1.0714,4.3219
1197.3500,0,3.2505,4.9158e-09,1.0726,4.3231
1197.4000,0,3.2505,4.9029e-09,1.0511,4.3016
1197.4500,0,3.2505,4.8899e-09,1.035,4.2855
1197.5000,0,3.2505,4.877e-09,1.0361,4.2866
1197.5500,0,3.2505,4.864e-09,1.0373,4.2878
1197.6000,0,3.2505,4.8509e-09,1.0384,4.2889
1197.6500,0,3.2505,4.8378e-09,1.0395,4.29
1197.7000,0,3.2505,4.8247e-09,1.0407,4.2912
1197.7500,0,3.2505,4.8115e-09,1.0418,4.2923
1197.8000,0,3.2505,4.7984e-09,1.0429,4.2934
1197.8500,0,3.2505,4.7851e-09,1.0441,4.2946
1197.9000,0,3.2505,4.7719e-09,1.0452,4.2957
1197.9500,0,3.2505,4.7586e-09,1.0463,4.2968
1198.0000,0,3.2505,4.7453e-09,1.0475,4.298
1198.0500,0,3.2505,4.7319e-09,1.0486,4.2991
1198.1000,0,3.2505,4.7185e-09,1.0497,4.3002
1198.1500,0,3.2505,4.7051e-09,1.0509,4.3014
1198.2000,0,3.2505,4.6917e-09,1.052,4.3025
1198.2500,0,3.2505,4.6782e-09,1.0531,4.3036
1198.3000,0,3.2505,4.6646e-09,1.0543,4.3048
1198.3500,0,3.2505,4.6511e-09,1.0554,4.3059
1198.4000,0,3.2505,4.6375e-09,1.0565,4.307
1198.4500,0,3.2505,4.6238e-09,1.0577,4.3082
1198.5000,0,3.2505,4.6102e-09,1.0588,4.3093
1198.5500,0,3.2505,4.5965e-09,1.06,4.3105
1198.6000,0,3.2505,4.5828e-09,1.0611,4.3116
1198.6500,0,3.2505,4.569e-09,1.0622,4.3127
1198.7000,0,3.2505,4.5552e-09,1.0634,4.3139
1198.7500,0,3.2505,4.5414e-09,1.0645,4.315
1198.8000,0,3.2505,4.5275e-09,1.0657,4.3162
1198.8500,0,3.2505,4.5136e-09,1.0668,4.3173
1198.9000,0,3.2505,4.4996e-09,1.068,4.3185
1198.9500,0,3.2505,4.4857e-09,1.0691,4.3196
1199.0000,0,3.2505,4.4717e-09,1.0703,4.3208
1199.0500,0,3.2505,4.4576e-09,1.0714,4.3219
1199.1000,0,3.2505,4.4435e-09,1.072,4.3225
1199.1500,0,3.2505,4.4294e-09,0.99102,4.2415
1199.2000,0,3.2505,4.4153e-09,0.98082,4.2313
1199.2500,0,3.2505,4.4011e-09,0.98186,4.2324
1199.3000,0,3.2505,4.3869e-09,0.98291,4.2334
1199.3500,0,3.2505,4.3727e-09,0.98396,4.2345
1199.4000,0,3.2505,4.3584e-09,0.98501,4.2355
1199.4500,0,3.2505,4.344e-09,0.98606,4.2366
1199.5000,0,3.2505,4.3297e-09,0.98711,4.2376
1199.5500,0,3.2505,4.3153e-09,0.98816,4.2387
1199.6000,0,3.2505,4.3009e-09,0.98921,4.2397
1199.6500,0,3.2505,4.2864e-09,0.99026,4.2408
1199.7000,0,3.2505,4.2719e-09,0.99132,4.2418
1199.7500,0,3.2505,4.2574e-09,0.99237,4.2429
1199.8000,0,3.2505,4.2429e-09,0.99342,4.2439
1199.8500,0,3.2505,4.2288e-09,0.99448,4.245
1199.9000,0,3.2505,4.2165e-09,0.99553,4.246
1199.9500,0,3.2505,4.2064e-09,0.99659,4.2471
1200.0000,0,3.2505,4.1986e-09,0.99762,4.2481
1200.0500,0,3.2505,4.1931e-09,0.99854,4.249
1200.1000,0,3.2505,4.1899e-09,0.99943,4.2499
1200.1500,0,3.2505,4.1889e-09,1.0003,4.2508
1200.2000,0,3.2505,4.1898e-09,1.0012,4.2517
1200.2500,0,3.2505,4.1911e-09,1.0021,4.2526
1200.3000,0,3.2505,4.1924e-09,1.003,4.2535
1200.3500,0,3.2505,4.1937e-09,1.0039,4.2544
1200.4000,0,3.2505,4.1951e-09,1.0048,4.2553
1200.4500,0,3.2505,4.1964e-09,1.0057,4.2562
1200.5000,0,3.2505,4.1977e-09,1.0066,4.2571
1200.5500,0,3.2505,4.1991e-09,1.0075,4.258
1200.6000,0,3.2505,4.2004e-09,1.0084,4.2589
1200.6500,0,3.2505,4.2017e-09,1.0093,4.2598
1200.7000,0,3.2505,4.203e-09,1.0102,4.2607
1200.7500,0,3.2505,4.2043e-09,1.0111,4.2616
1200.8000,0,3.2505,4.2056e-09,1.012,4.2625
1200.8500,0,3.2505,4.2069e-09,1.0129,4.2634
1200.9000,0,3.2505,4.2082e-09,1.0138,4.2643
1200.9500,0,3.2505,4.2095e-09,1.0147,4.2652
1201.0000,0,3.2505,4.2108e-09,1.0156,4.2661
1201.0500,0,3.2505,4.2121e-09,1.0165,4.267
1201.1000,0,3.2505,4.2134e-09,1.0174,4.2679
1201.1500,0,3.2505,4.2147e-09,1.0178,4.2683
1201.2000,0,3.2505,4.216e-09,0.98608,4.2366
1201.2500,0,3.2505,4.2173e-09,0.98877,4.2393
1201.3000,0,3.2505,4.2186e-09,0.98964,4.2401
1201.3500,0,3.2505,4.2198e-09,0.99051,4.241
1201.4000,0,3.2505,4.2211e-09,0.99138,4.2419
1201.4500,0,3.2505,4.2224e-09,0.99226,4.2428
1201.5000,0,3.2505,4.2236e-09,0.99313,4.2436
1201.5500,0,3.2505,4.2249e-09,0.994,4.2445
1201.6000,0,3.2505,4.2262e-09,0.99331,4.2438
1201.6500,0,3.2505,4.2274e-09,0.95955,4.21
1201.7000,0,3.2505,4.2287e-09,0.99289,4.2434
1201.7500,0,3.2505,4.2299e-09,0.99376,4.2443
1201.8000,0,3.2505,4.2312e-09,0.99463,4.2451
1201.8500,0,3.2505,4.2324e-09,0.9955,4.246
1201.9000,0,3.2505,4.2336e-09,0.99637,4.2469
1201.9500,0,3.2505,4.2349e-09,0.99725,4.2477
1202.0000,0,3.2505,4.2361e-09,0.99812,4.2486
1202.0500,0,3.2505,4.2373e-09,0.99899,4.2495
1202.1000,0,3.2505,4.2386e-09,0.99986,4.2504
1202.1500,0,3.2505,4.2398e-09,1.0007,4.2512
1202.2000,0,3.2505,4.241e-09,1.0016,4.2521
1202.2500,0,3.2505,4.2422e-09,1.0025,4.253
1202.3000,0,3.2505,4.2434e-09,1.0034,4.2539
1202.3500,0,3.2505,4.2447e-09,1.0042,4.2547
1202.4000,0,3.2505,4.2459e-09,1.0051,4.2556
1202.4500,0,3.2505,4.2471e-09,1.006,4.2565
1202.5000,0,3.2505,4.2483e-09,1.0068,4.2573
1202.5500,0,3.2505,4.2495e-09,1.0077,4.2582
1202.6000,0,3.2505,4.2507e-09,1.0086,4.2591
1202.6500,0,3.2505,4.2519e-09,1.0095,4.26
1202.7000,0,3.2505,4.253e-09,0.99208,4.2426
1202.7500,0,3.2505,4.2542e-09,0.95176,4.2023
1202.8000,0,3.2505,4.2554e-09,0.95258,4.2031
1202.8500,0,3.2505,4.2566e-09,0.9534,4.2039
1202.9000,0,3.2505,4.2578e-09,0.95423,4.2047
1202.9500,0,3.2505,4.2589e-09,0.95505,4.2055
1203.0000,0,3.2505,4.2601e-09,0.95587,4.2064
1203.0500,0,3.2505,4.2613e-09,0.9567,4.2072
1203.1000,0,3.2505,4.2624e-09,0.95752,4.208
1203.1500,0,3.2505,4.2636e-09,0.95834,4.2088
1203.2000,0,3.2505,4.2647e-09,0.95917,4.2097
1203.2500,0,3.2505,4.2659e-09,0.95999,4.2105
1203.3000,0,3.2505,4.267e-09,0.96082,4.2113
1203.3500,0,3.2505,4.2682e-09,0.96164,4.2121
1203.4000,0,3.2505,4.2693e-09,0.96246,4.213
1203.4500,0,3.2505,4.2705e-09,0.96329,4.2138
1203.5000,0,3.2505,4.2716e-09,0.96411,4.2146
1203.5500,0,3.2505,4.2727e-09,0.96494,4.2154
1203.6000,0,3.2505,4.2739e-09,0.96576,4.2163
1203.6500,0,3.2505,4.275e-09,0.96659,4.2171
1203.7000,0,3.2505,4.2761e-09,0.96741,4.2179
1203.7500,0,3.2505,4.2772e-09,0.96824,4.2187
1203.8000,0,3.2505,4.2783e-09,0.96906,4.2196
1203.8500,0,3.2505,4.2795e-09,0.96989,4.2204
1203.9000,0,3.2505,4.2806e-09,0.97072,4.2212
1203.9500,0,3.2505,4.2817e-09,0.97154,4.222
1204.0000,0,3.2505,4.2828e-09,0.97237,4.2229
1204.0500,0,3.2505,4.2839e-09,0.97319,4.2237
1204.1000,0,3.2505,4.285e-09,0.97402,4.2245
1204.1500,0,3.2505,4.2861e-09,0.97485,4.2253
1204.2000,0,3.2505,4.2871e-09,0.97567,4.2262
1204.2500,0,3.2505,4.2882e-09,0.9765,4.227
1204.3000,0,3.2505,4.2893e-09,0.97732,4.2278
1204.3500,0,3.2505,4.2904e-09,0.97815,4.2287
1204.4000,0,3.2505,4.2915e-09,0.97898,4.2295
1204.4500,0,3.2505,4.2925e-09,0.94431,4.1948
1204.5000,0,3.2505,4.2936e-09,0.92387,4.1744
1204.5500,0,3.2505,4.2947e-09,0.92465,4.1751
1204.6000,0,3.2505,4.2957e-09,0.92543,4.1759
1204.6500,0,3.2505,4.2968e-09,0.92621,4.1767
1204.7000,0,3.2505,4.2978e-09,0.92699,4.1775
1204.7500,0,3.2505,4.2989e-09,0.92777,4.1783
1204.8000,0,3.2505,4.2999e-09,0.92855,4.179
1204.8500,0,3.2505,4.301e-09,0.92933,4.1798
1204.9000,0,3.2505,4.302e-09,0.9301,4.1806
1204.9500,0,3.2505,4.3031e-09,0.93088,4.1814
1205.0000,0,3.2505,4.3041e-09,0.93167,4.1822
1205.0500,0,3.2505,4.3051e-09,0.93245,4.1829
1205.1000,0,3.2505,4.3062e-09,0.93323,4.1837
1205.1500,0,3.2505,4.3072e-09,0.93401,4.1845
1205.2000,0,3.2505,4.3082e-09,0.93479,4.1853
1205.2500,0,3.2505,4.3092e-09,0.93557,4.1861
1205.3000,0,3.2505,4.3102e-09,0.93635,4.1868
1205.3500,0,3.2505,4.3112e-09,0.93716,4.1877
1205.4000,0,3.2505,4.3122e-09,0.9383,4.1888
1205.4500,0,3.2505,4.3132e-09,0.9426,4.1931
1205.5000,0,3.2505,4.3142e-09,0.97009,4.2206
1205.5500,0,3.2505,4.3152e-09,1.128,4.3785
1205.6000,0,3.2505,4.3162e-09,1.8398,5.0903
1205.6500,0,3.2505,4.3172e-09,4.2835,7.534
1205.7000,0,3.2505,4.3182e-09,10.845,14.096
1205.7500,0,3.2505,4.3192e-09,23.794,27.045
1205.8000,0,3.2505,4.3202e-09,42.166,45.417
1205.8500,0,3.2505,4.3211e-09,59.148,62.398
1205.9000,0,3.2505,4.3221e-09,65.287,68.538
1205.9500,0,3.2505,4.3231e-09,56.64,59.891
1206.0000,0,3.2505,4.324e-09,38.691,41.941
1206.0500,0,3.2505,4.325e-09,20.966,24.216
1206.1000,0,3.2505,4.3259e-09,9.2454,12.496
1206.1500,0,3.2505,4.3269e-09,3.6211,6.8716
1206.2000,0,3.2505,4.3279e-09,1.5991,4.8496
1206.2500,0,3.2505,4.3288e-09,1.0461,4.2966
1206.3000,0,3.2505,4.3297e-09,0.93047,4.181
1206.3500,0,3.2505,4.3307e-09,0.91231,4.1628
1206.4000,0,3.2505,4.3316e-09,0.91068,4.1612
1206.4500,0,3.2505,4.3325e-09,0.9112,4.1617
1206.5000,0,3.2505,4.3335e-09,0.91193,4.1624
1206.5500,0,3.2505,4.3344e-09,0.91267,4.1632
1206.6000,0,3.2505,4.3353e-09,0.89185,4.1423
1206.6500,0,3.2505,4.3362e-09,0.87562,4.1261
1206.7000,0,3.2505,4.3371e-09,0.87634,4.1268
1206.7500,0,3.2505,4.3381e-09,0.87706,4.1276
1206.8000,0,3.2505,4.339e-09,0.87777,4.1283
1206.8500,0,3.2505,4.3399e-09,0.87849,4.129
1206.9000,0,3.2505,4.3408e-09,0.8792,4.1297
1206.9500,0,3.2505,4.3417e-09,0.87992,4.1304
1207.0000,0,3.2505,4.3426e-09,0.88064,4.1311
1207.0500,0,3.2505,4.3434e-09,0.88135,4.1319
1207.1000,0,3.2505,4.3443e-09,0.88207,4.1326
1207.1500,0,3.2505,4.3452e-09,0.88278,4.1333
1207.2000,0,3.2505,4.3461e-09,0.8835,4.134
1207.2500,0,3.2505,4.347e-09,0.88422,4.1347
1207.3000,0,3.2505,4.3478e-09,0.88493,4.1354
1207.3500,0,3.2505,4.3487e-09,0.88565,4.1361
1207.4000,0,3.2505,4.3496e-09,0.88637,4.1369
1207.4500,0,3.2505,4.3504e-09,0.88708,4.1376
1207.5000,0,3.2505,4.3513e-09,0.8878,4.1383
1207.5500,0,3.2505,4.3521e-09,0.8796,4.1301
1207.6000,0,3.2505,4.353e-09,0.82873,4.0792
1207.6500,0,3.2505,4.3538e-09,0.82913,4.0796
1207.7000,0,3.2505,4.3547e-09,0.8298,4.0803
1207.7500,0,3.2505,4.3555e-09,0.83047,4.081
1207.8000,0,3.2505,4.3563e-09,0.83114,4.0816
1207.8500,0,3.2505,4.3572e-09,0.83181,4.0823
1207.9000,0,3.2505,4.358e-09,0.83247,4.083
1207.9500,0,3.2505,4.3588e-09,0.83314,4.0836
1208.0000,0,3.2505,4.3596e-09,0.83381,4.0843
1208.0500,0,3.2505,4.3605e-09,0.83448,4.085
1208.1000,0,3.2505,4.3613e-09,0.83514,4.0856
1208.1500,0,3.2505,4.3621e-09,0.83581,4.0863
1208.2000,0,3.2505,4.3629e-09,0.83648,4.087
1208.2500,0,3.2505,4.3637e-09,0.83715,4.0876
1208.3000,0,3.2505,4.3645e-09,0.83782,4.0883
1208.3500,0,3.2505,4.3653e-09,0.83848,4.089
1208.4000,0,3.2505,4.3661e-09,0.83915,4.0897
1208.4500,0,3.2505,4.3668e-09,0.83982,4.0903
1208.5000,0,3.2505,4.3676e-09,0.84049,4.091
1208.5500,0,3.2505,4.3684e-09,0.84116,4.0917
1208.6000,0,3.2505,4.3692e-09,0.83699,4.0875
1208.6500,0,3.2505,4.37e-09,0.82085,4.0714
1208.7000,0,3.2505,4.3707e-09,0.82197,4.0725
1208.7500,0,3.2505,4.3715e-09,0.82262,4.0731
1208.8000,0,3.2505,4.3722e-09,0.82327,4.0738
1208.8500,0,3.2505,4.373e-09,0.82393,4.0744
1208.9000,0,3.2505,4.3738e-09,0.82458,4.0751
1208.9500,0,3.2505,4.3745e-09,0.82523,4.0757
1209.0000,0,3.2505,4.3752e-09,0.87069,4.1212
1209.0500,0,3.2505,4.376e-09,0.82535,4.0758
1209.1000,0,3.2505,4.3767e-09,0.826,4.0765
1209.1500,0,3.2505,4.3775e-09,0.82665,4.0771
1209.2000,0,3.2505,4.3782e-09,0.8273,4.0778
1209.2500,0,3.2505,4.3789e-09,0.82795,4.0785
1209.3000,0,3.2505,4.3796e-09,0.8286,4.0791
1209.3500,0,3.2505,4.3804e-09,0.82925,4.0798
1209.4000,0,3.2505,4.3811e-09,0.8299,4.0804
1209.4500,0,3.2505,4.3818e-09,0.83055,4.0811
1209.5000,0,3.2505,4.3825e-09,0.8312,4.0817
1209.5500,0,3.2505,4.3832e-09,0.83185,4.0824
1209.6000,0,3.2505,4.3839e-09,0.8325,4.083
1209.6500,0,3.2505,4.3846e-09,0.83316,4.0837
1209.7000,0,3.2505,4.3853e-09,0.83381,4.0843
1209.7500,0,3.2505,4.386e-09,0.82964,4.0801
1209.8000,0,3.2505,4.3867e-09,0.79156,4.0421
1209.8500,0,3.2505,4.3873e-09,0.79144,4.0419
1209.9000,0,3.2505,4.388e-09,0.79206,4.0426
1209.9500,0,3.2505,4.3887e-09,0.79267,4.0432
1210.0000,0,3.2505,4.3894e-09,0.79329,4.0438
1210.0500,0,3.2505,4.39e-09,0.79391,4.0444
1210.1000,0,3.2505,4.3907e-09,0.79452,4.045
1210.1500,0,3.2505,4.3914e-09,0.79514,4.0456
1210.2000,0,3.2505,4.392e-09,0.79561,4.0461
1210.2500,0,3.2505,4.3927e-09,0.77611,4.0266
1210.3000,0,3.2505,4.3933e-09,0.7743,4.0248
1210.3500,0,3.2505,4.3939e-09,0.7749,4.0254
1210.4000,0,3.2505,4.3946e-09,0.7755,4.026
1210.4500,0,3.2505,4.3952e-09,0.7761,4.0266
1210.5000,0,3.2505,4.3959e-09,0.7767,4.0272
1210.5500,0,3.2505,4.3965e-09,0.7773,4.0278
1210.6000,0,3.2505,4.3971e-09,0.7779,4.0284
1210.6500,0,3.2505,4.3977e-09,0.77849,4.029
1210.7000,0,3.2505,4.3983e-09,0.7625,4.013
1210.7500,0,3.2505,4.399e-09,0.75597,4.0065
1210.8000,0,3.2505,4.3996e-09,0.75655,4.0071
1210.8500,0,3.2505,4.4002e-09,0.75713,4.0076
1210.9000,0,3.2505,4.4008e-09,0.75771,4.0082
1210.9500,0,3.2505,4.4014e-09,0.75829,4.0088
1211.0000,0,3.2505,4.402e-09,0.75887,4.0094
1211.0500,0,3.2505,4.4025e-09,0.75945,4.01
1211.1000,0,3.2505,4.4031e-09,0.76003,4.0105
1211.1500,0,3.2505,4.4037e-09,0.74811,3.9986
1211.2000,0,3.2505,4.4043e-09,0.73601,3.9865
1211.2500,0,3.2505,4.4049e-09,0.73657,3.9871
1211.3000,0,3.2505,4.4054e-09,0.73714,3.9876
1211.3500,0,3.2505,4.406e-09,0.7377,3.9882
1211.4000,0,3.2505,4.4066e-09,0.73826,3.9888
1211.4500,0,3.2505,4.4071e-09,0.73882,3.9893
1211.5000,0,3.2505,4.4077e-09,0.73938,3.9899
1211.5500,0,3.2505,4.4082e-09,0.73994,3.9904
1211.6000,0,3.2505,4.4088e-09,0.7405,3.991
1211.6500,0,3.2505,4.4093e-09,0.72382,3.9743
1211.7000,0,3.2505,4.4099e-09,0.71441,3.9649
1211.7500,0,3.2505,4.4104e-09,0.71495,3.9655
1211.8000,0,3.2505,4.4109e-09,0.71549,3.966
1211.8500,0,3.2505,4.4114e-09,0.71603,3.9665
1211.9000,0,3.2505,4.412e-09,0.71657,3.9671
1211.9500,0,3.2505,4.4125e-09,0.71711,3.9676
1212.0000,0,3.2505,4.413e-09,0.73338,3.9839
1212.0500,0,3.2505,4.4135e-09,0.75094,4.0014
1212.1000,0,3.2505,4.414e-09,0.75852,4.009
1212.1500,0,3.2505,4.4145e-09,0.76745,4.018
1212.2000,0,3.2505,4.415e-09,0.76209,4.0126
1212.2500,0,3.2505,4.4155e-09,0.76035,4.0109
1212.3000,0,3.2505,4.416e-09,0.77482,4.0253
1212.3500,0,3.2505,4.4165e-09,0.7893,4.0398
1212.4000,0,3.2505,4.417e-09,0.79786,4.0484
1212.4500,0,3.2505,4.4175e-09,0.82081,4.0713
1212.5000,0,3.2505,4.4179e-09,0.84743,4.0979
1212.5500,0,3.2505,4.4184e-09,0.87821,4.1287
1212.6000,0,3.2505,4.4189e-09,0.91352,4.164
1212.6500,0,3.2505,4.4193e-09,0.93673,4.1872
1212.7000,0,3.2505,4.4198e-09,0.98185,4.2324
1212.7500,0,3.2505,4.4203e-09,1.035,4.2855
1212.8000,0,3.2505,4.4207e-09,1.0955,4.346
1212.8500,0,3.2505,4.4212e-09,1.164,4.4145
1212.9000,0,3.2505,4.4216e-09,1.2278,4.4783
1212.9500,0,3.2505,4.422e-09,1.3081,4.5586
1213.0000,0,3.2505,4.4225e-09,1.4054,4.6559
1213.0500,0,3.2505,4.4229e-09,1.5141,4.7646
1213.1000,0,3.2505,4.4233e-09,1.635,4.8855
1213.1500,0,3.2505,4.4238e-09,1.7602,5.0107
1213.2000,0,3.2505,4.4242e-09,1.8951,5.1456
1213.2500,0,3.2505,4.4246e-09,2.0575,5.308
1213.3000,0,3.2505,4.425e-09,2.2354,5.4859
1213.3500,0,3.2505,4.4254e-09,2.4294,5.6799
1213.4000,0,3.2505,4.4258e-09,2.6401,5.8906
1213.4500,0,3.2505,4.4262e-09,2.8679,6.1184
1213.5000,0,3.2505,4.4266e-09,3.0933,6.3438
1213.5500,0,3.2505,4.427e-09,3.3537,6.6042
1213.6000,0,3.2505,4.4274e-09,3.6323,6.8828
1213.6500,0,3.2505,4.4278e-09,3.9219,7.1724
1213.7000,0,3.2505,4.4282e-09,4.2388,7.4893
1213.7500,0,3.2505,4.4285e-09,4.5653,7.8158
1213.8000,0,3.2505,4.4289e-09,4.9102,8.1607
1213.8500,0,3.2505,4.4293e-09,5.2765,8.527
1213.9000,0,3.2505,4.4297e-09,5.6451,8.8956
1213.9500,0,3.2505,4.43e-09,6.0418,9.2923
1214.0000,0,3.2505,4.4304e-09,6.4529,9.7034
1214.0500,0,3.2505,4.4307e-09,6.8858,10.136
1214.1000,0,3.2505,4.4311e-09,7.3795,10.63
1214.1500,0,3.2505,4.4314e-09,7.9653,11.216
1214.2000,0,3.2505,4.4318e-09,8.7722,12.023
1214.2500,0,3.2505,4.4321e-09,10.016,13.267
1214.3000,0,3.2505,4.4324e-09,12.081,15.332
1214.3500,0,3.2505,4.4328e-09,15.688,18.939
1214.4000,0,3.2505,4.4331e-09,21.927,25.177
1214.4500,0,3.2505,4.4334e-09,32.42,35.67
1214.5000,0,3.2505,4.4337e-09,49.419,52.669
1214.5500,0,3.2505,4.434e-09,75.663,78.913
1214.6000,0,3.2505,4.4343e-09,114.11,117.36
1214.6500,0,3.2505,4.4346e-09,167.39,170.64
1214.7000,0,3.2505,4.4349e-09,236.47,239.72
1214.7500,0,3.2505,4.4352e-09,320.17,323.42
1214.8000,0,3.2505,4.4355e-09,414.94,418.19
1214.8500,0,3.2505,4.4358e-09,513.8,517.05
1214.9000,0,3.2505,4.4361e-09,607.1,610.35
1214.9500,0,3.2505,4.4364e-09,683.98,687.23
1215.0000,0,3.2505,4.4367e-09,734.13,737.38
1215.0500,0,3.2505,4.4369e-09,750.01,753.26
1215.1000,0,3.2505,4.4372e-09,728.51,731.76
1215.1500,0,3.2505,4.4375e-09,671.78,675.03
1215.2000,0,3.2505,4.4377e-09,586.76,590.02
1215.2500,0,3.2505,4.438e-09,482.71,485.96
1215.3000,0,3.2505,4.4382e-09,298,301.25
1215.3500,0,3.2505,4.4455e-09,100.69,103.94
1215.4000,0,3.2505,0.00025567,148.18,151.43
1215.4500,0,3.2505,2.5431,95.862,101.66
1215.5000,0,3.2505,42.352,34.564,80.166
1215.5500,0,3.2505,193.86,0.49693,197.6
1215.6000,0,3.2505,228.03,0.10337,231.39
1215.6500,0,3.2505,229.64,0.10349,232.99
1215.7000,0,3.2505,229.64,0.1036,232.99
1215.7500,0,3.2505,229.64,0.10372,232.99
1215.8000,0,3.2505,227.1,0.12648,230.47
1215.8500,0,3.2505,187.29,2.4119,192.95
1215.9000,0,3.2505,35.782,4.2731,43.305
1215.9500,0,3.2505,1.6036,5.0149,9.869
1216.0000,0,3.2505,8.4659e-05,5.3409,8.5915
1216.0500,0,3.2505,4.4427e-09,5.4333,8.6838
1216.1000,0,3.2505,4.4417e-09,5.381,8.6315
1216.1500,0,3.2505,4.4419e-09,5.2338,8.4843
1216.2000,0,3.2505,4.4421e-09,5.0238,8.2743
1216.2500,0,3.2505,4.4422e-09,4.774,8.0245
1216.3000,0,3.2505,4.4424e-09,4.5032,7.7537
1216.3500,0,3.2505,4.4426e-09,4.2379,7.4884
1216.4000,0,3.2505,4.4427e-09,4.0062,7.2567
1216.4500,0,3.2505,4.4429e-09,3.8273,7.0778
1216.5000,0,3.2505,4.443e-09,3.6511,6.9016
1216.5500,0,3.2505,4.4432e-09,3.4321,6.6826
1216.6000,0,3.2505,4.4433e-09,3.1936,6.4441
1216.6500,0,3.2505,4.4435e-09,2.9546,6.2051
1216.7000,0,3.2505,4.4436e-09,2.7273,5.9778
1216.7500,0,3.2505,4.4437e-09,2.5013,5.7518
1216.8000,0,3.2505,4.4439e-09,2.3092,5.5597
1216.8500,0,3.2505,4.444e-09,2.1247,5.3752
1216.9000,0,3.2505,4.4441e-09,1.9491,5.1996
1216.9500,0,3.2505,4.4442e-09,1.8024,5.0529
1217.0000,0,3.2505,4.4443e-09,1.6658,4.9163
1217.0500,0,3.2505,4.4444e-09,1.534,4.7845
1217.1000,0,3.2505,4.4445e-09,1.43,4.6805
1217.1500,0,3.2505,4.4446e-09,1.329,4.5795
1217.2000,0,3.2505,4.4447e-09,1.2336,4.4841
1217.2500,0,3.2505,4.4448e-09,1.1644,4.4149
1217.3000,0,3.2505,4.4449e-09,1.092,4.3425
1217.3500,0,3.2505,4.445e-09,1.0253,4.2758
1217.4000,0,3.2505,4.4451e-09,0.98334,4.2338
1217.4500,0,3.2505,4.4451e-09,0.9326,4.1831
1217.5000,0,3.2505,4.4452e-09,0.88944,4.1399
1217.5500,0,3.2505,4.4453e-09,0.86483,4.1153
1217.6000,0,3.2505,4.4453e-09,0.8354,4.0859
1217.6500,0,3.2505,4.4454e-09,0.81759,4.0681
1217.7000,0,3.2505,4.4454e-09,0.79228,4.0428
1217.7500,0,3.2505,4.4455e-09,0.7706,4.0211
1217.8000,0,3.2505,4.4455e-09,0.75209,4.0026
1217.8500,0,3.2505,4.4456e-09,0.73637,3.9869
1217.9000,0,3.2505,4.4456e-09,0.72307,3.9736
1217.9500,0,3.2505,4.4456e-09,0.71212,3.9626
1218.0000,0,3.2505,4.4457e-09,0.72931,3.9798
1218.0500,0,3.2505,4.4457e-09,0.73019,3.9807
1218.1000,0,3.2505,4.4457e-09,0.72913,3.9796
1218.1500,0,3.2505,4.4457e-09,0.73441,3.9849
1218.2000,0,3.2505,4.4457e-09,0.73026,3.9808
1218.2500,0,3.2505,4.4457e-09,0.72675,3.9772
1218.3000,0,3.2505,4.4457e-09,0.72393,3.9744
1218.3500,0,3.2505,4.4457e-09,0.7259,3.9764
1218.4000,0,3.2505,4.4457e-09,0.74332,3.9938
1218.4500,0,3.2505,4.4457e-09,0.74199,3.9925
1218.5000,0,3.2505,4.4457e-09,0.741,3.9915
1218.5500,0,3.2505,4.4457e-09,0.74029,3.9908
1218.6000,0,3.2505,4.4457e-09,0.74543,3.9959
1218.6500,0,3.2505,4.4456e-09,0.7618,4.0123
1218.7000,0,3.2505,4.4456e-09,0.76168,4.0122
1218.7500,0,3.2505,4.4456e-09,0.77672,4.0272
1218.8000,0,3.2505,4.4455e-09,0.78336,4.0339
1218.8500,0,3.2505,4.4455e-09,0.78356,4.0341
1218.9000,0,3.2505,4.4454e-09,0.78383,4.0343
1218.9500,0,3.2505,4.4454e-09,0.78415,4.0347
1219.0000,0,3.2505,4.4453e-09,0.78452,4.035
1219.0500,0,3.2505,4.4453e-09,0.78492,4.0354
1219.1000,0,3.2505,4.4452e-09,0.78534,4.0358
1219.1500,0,3.2505,4.4451e-09,0.78579,4.0363
1219.2000,0,3.2505,4.4451e-09,0.78626,4.0368
1219.2500,0,3.2505,4.445e-09,0.81108,4.0616
1219.3000,0,3.2505,4.4449e-09,0.82846,4.079
1219.3500,0,3.2505,4.4448e-09,0.82898,4.0795
1219.4000,0,3.2505,4.4447e-09,0.82951,4.08
1219.4500,0,3.2505,4.4446e-09,0.83005,4.0805
1219.5000,0,3.2505,4.4445e-09,0.83059,4.0811
1219.5500,0,3.2505,4.4444e-09,0.83113,4.0816
1219.6000,0,3.2505,4.4443e-09,0.83167,4.0822
1219.6500,0,3.2505,4.4442e-09,0.83221,4.0827
1219.7000,0,3.2505,4.4441e-09,0.83276,4.0833
1219.7500,0,3.2505,4.444e-09,0.83331,4.0838
1219.8000,0,3.2505,4.4439e-09,0.83385,4.0844
1219.8500,0,3.2505,4.4437e-09,0.8344,4.0849
1219.9000,0,3.2505,4.4436e-09,0.83495,4.0854
1219.9500,0,3.2505,4.4435e-09,0.86369,4.1142
1220.0000,0,3.2505,4.4433e-09,0.87866,4.1292
1220.0500,0,3.2505,4.4432e-09,0.88133,4.1318
1220.1000,0,3.2505,4.4431e-09,0.88545,4.1359
1220.1500,0,3.2505,4.4429e-09,0.8929,4.1434
1220.2000,0,3.2505,4.4428e-09,0.89463,4.1451
1220.2500,0,3.2505,4.4426e-09,0.89969,4.1502
1220.3000,0,3.2505,4.4425e-09,0.90737,4.1579
1220.3500,0,3.2505,4.4423e-09,0.91381,4.1643
1220.4000,0,3.2505,4.4422e-09,0.91541,4.1659
1220.4500,0,3.2505,4.442e-09,0.93138,4.1819
1220.5000,0,3.2505,4.4418e-09,0.93254,4.183
1220.5500,0,3.2505,4.4416e-09,0.93315,4.1836
1220.6000,0,3.2505,4.4415e-09,0.93376,4.1843
1220.6500,0,3.2505,4.4413e-09,0.94849,4.199
1220.7000,0,3.2505,4.4411e-09,0.96756,4.2181
1220.7500,0,3.2505,4.4409e-09,0.96819,4.2187
1220.8000,0,3.2505,4.4407e-09,0.96882,4.2193
1220.8500,0,3.2505,4.4405e-09,0.96944,4.2199
1220.9000,0,3.2505,4.4403e-09,0.97007,4.2206
1220.9500,0,3.2505,4.4401e-09,0.9707,4.2212
1221.0000,0,3.2505,4.4399e-09,0.97132,4.2218
1221.0500,0,3.2505,4.4397e-09,0.97195,4.2224
1221.1000,0,3.2505,4.4394e-09,0.97257,4.2231
1221.1500,0,3.2505,4.4392e-09,0.9732,4.2237
1221.2000,0,3.2505,4.439e-09,0.97383,4.2243
1221.2500,0,3.2505,4.4388e-09,0.97445,4.225
1221.3000,0,3.2505,4.4385e-09,0.97508,4.2256
1221.3500,0,3.2505,4.4383e-09,0.9757,4.2262
1221.4000,0,3.2505,4.438e-09,0.97632,4.2268
1221.4500,0,3.2505,4.4378e-09,0.97695,4.2274
1221.5000,0,3.2505,4.4375e-09,0.97757,4.2281
1221.5500,0,3.2505,4.4373e-09,0.99474,4.2452
1221.6000,0,3.2505,4.437e-09,1.0425,4.293
1221.6500,0,3.2505,4.4367e-09,1.0431,4.2936
1221.7000,0,3.2505,4.4365e-09,1.0438,4.2943
1221.7500,0,3.2505,4.4362e-09,1.0445,4.295
1221.8000,0,3.2505,4.4359e-09,1.0451,4.2956
1221.8500,0,3.2505,4.4356e-09,1.0458,4.2963
1221.9000,0,3.2505,4.4353e-09,1.0464,4.2969
1221.9500,0,3.2505,4.435e-09,1.0471,4.2976
1222.0000,0,3.2505,4.4347e-09,1.0478,4.2983
1222.0500,0,3.2505,4.4344e-09,1.0484,4.2989
1222.1000,0,3.2505,4.4341e-09,1.0491,4.2996
1222.1500,0,3.2505,4.4338e-09,1.0498,4.3003
1222.2000,0,3.2505,4.4335e-09,1.0504,4.3009
1222.2500,0,3.2505,4.4332e-09,1.0511,4.3016
1222.3000,0,3.2505,4.4329e-09,1.0517,4.3022
1222.3500,0,3.2505,4.4325e-09,1.0524,4.3029
1222.4000,0,3.2505,4.4322e-09,1.0531,4.3036
1222.4500,0,3.2505,4.4319e-09,1.0569,4.3074
1222.5000,0,3.2505,4.4315e-09,1.1178,4.3683
1222.5500,0,3.2505,4.4312e-09,1.1209,4.3714
1222.6000,0,3.2505,4.4308e-09,1.1216,4.3721
1222.6500,0,3.2505,4.4305e-09,1.1223,4.3728
1222.7000,0,3.2505,4.4301e-09,1.123,4.3735
1222.7500,0,3.2505,4.4298e-09,1.1237,4.3742
1222.8000,0,3.2505,4.4294e-09,1.1244,4.3749
1222.8500,0,3.2505,4.429e-09,1.1251,4.3756
1222.9000,0,3.2505,4.4286e-09,1.1258,4.3763
1222.9500,0,3.2505,4.4283e-09,1.1265,4.377
1223.0000,0,3.2505,4.4279e-09,1.1272,4.3777
1223.0500,0,3.2505,4.4275e-09,1.1279,4.3784
1223.1000,0,3.2505,4.4271e-09,1.1286,4.3791
1223.1500,0,3.2505,4.4267e-09,1.1293,4.3798
1223.2000,0,3.2505,4.4263e-09,1.13,4.3805
1223.2500,0,3.2505,4.4259e-09,1.1307,4.3812
1223.3000,0,3.2505,4.4255e-09,1.1314,4.3819
1223.3500,0,3.2505,4.4251e-09,1.1321,4.3826
1223.4000,0,3.2505,4.4247e-09,1.1328,4.3833
1223.4500,0,3.2505,4.4242e-09,1.1335,4.384
1223.5000,0,3.2505,4.4238e-09,1.1342,4.3847
1223.5500,0,3.2505,4.4234e-09,1.1349,4.3854
1223.6000,0,3.2505,4.4229e-09,1.1517,4.4022
1223.6500,0,3.2505,4.4225e-09,1.2007,4.4512
1223.7000,0,3.2505,4.4221e-09,1.2014,4.4519
1223.7500,0,3.2505,4.4216e-09,1.2021,4.4526
1223.8000,0,3.2505,4.4212e-09,1.2029,4.4534
1223.8500,0,3.2505,4.4207e-09,1.2036,4.4541
1223.9000,0,3.2505,4.4202e-09,1.2043,4.4548
1223.9500,0,3.2505,4.4198e-09,1.2051,4.4556
1224.0000,0,3.2505,4.4193e-09,1.2058,4.4563
1224.0500,0,3.2505,4.4188e-09,1.2107,4.4612
1224.1000,0,3.2505,4.4184e-09,1.2371,4.4876
1224.1500,0,3.2505,4.4179e-09,1.238,4.4885
1224.2000,0,3.2505,4.4174e-09,1.2388,4.4893
1224.2500,0,3.2505,4.4169e-09,1.2395,4.49
1224.3000,0,3.2505,4.4164e-09,1.2403,4.4908
1224.3500,0,3.2505,4.4159e-09,1.241,4.4915
1224.4000,0,3.2505,4.4154e-09,1.2418,4.4923
1224.4500,0,3.2505,4.4149e-09,1.2425,4.493
1224.5000,0,3.2505,4.4144e-09,1.2444,4.4949
1224.5500,0,3.2505,4.4139e-09,1.2718,4.5223
1224.6000,0,3.2505,4.4133e-09,1.2737,4.5242
1224.6500,0,3.2505,4.4128e-09,1.2745,4.525
1224.7000,0,3.2505,4.4123e-09,1.2753,4.5258
1224.7500,0,3.2505,4.4117e-09,1.276,4.5265
1224.8000,0,3.2505,4.4112e-09,1.2768,4.5273
1224.8500,0,3.2505,4.4107e-09,1.2881,4.5386
1224.9000,0,3.2505,4.4101e-09,1.3286,4.5791
1224.9500,0,3.2505,4.4096e-09,1.3294,4.5799
1225.0000,0,3.2505,4.409e-09,1.3302,4.5807
1225.0500,0,3.2505,4.4084e-09,1.331,4.5815
1225.1000,0,3.2505,4.4079e-09,1.3318,4.5823
1225.1500,0,3.2505,4.4073e-09,1.3326,4.5831
1225.2000,0,3.2505,4.4067e-09,1.3334,4.5839
1225.2500,0,3.2505,4.4062e-09,1.3342,4.5847
1225.3000,0,3.2505,4.4056e-09,1.335,4.5855
1225.3500,0,3.2505,4.405e-09,1.3358,4.5863
1225.4000,0,3.2505,4.4044e-09,1.3365,4.587
1225.4500,0,3.2505,4.4038e-09,1.3373,4.5878
1225.5000,0,3.2505,4.4032e-09,1.3381,4.5886
1225.5500,0,3.2505,4.4026e-09,1.3389,4.5894
1225.6000,0,3.2505,4.402e-09,1.3397,4.5902
1225.6500,0,3.2505,4.4014e-09,1.3405,4.591
1225.7000,0,3.2505,4.4008e-09,1.3459,4.5964
1225.7500,0,3.2505,4.4001e-09,1.3645,4.615
1225.8000,0,3.2505,4.3995e-09,1.369,4.6195
1225.8500,0,3.2505,4.3989e-09,1.373,4.6235
1225.9000,0,3.2505,4.3983e-09,1.3738,4.6243
1225.9500,0,3.2505,4.3976e-09,1.3746,4.6251
1226.0000,0,3.2505,4.397e-09,1.3754,4.6259
1226.0500,0,3.2505,4.3963e-09,1.3762,4.6267
1226.1000,0,3.2505,4.3957e-09,1.377,4.6275
1226.1500,0,3.2505,4.395e-09,1.3778,4.6283
1226.2000,0,3.2505,4.3944e-09,1.3787,4.6292
1226.2500,0,3.2505,4.3937e-09,1.3795,4.63
1226.3000,0,3.2505,4.393e-09,1.3803,4.6308
1226.3500,0,3.2505,4.3923e-09,1.3811,4.6316
1226.4000,0,3.2505,4.3917e-09,1.3819,4.6324
1226.4500,0,3.2505,4.391e-09,1.3827,4.6332
1226.5000,0,3.2505,4.3903e-09,1.3835,4.634
1226.5500,0,3.2505,4.3896e-09,1.3843,4.6348
1226.6000,0,3.2505,4.3889e-09,1.3851,4.6356
1226.6500,0,3.2505,4.3882e-09,1.3899,4.6404
1226.7000,0,3.2505,4.3875e-09,1.4475,4.698
1226.7500,0,3.2505,4.3868e-09,1.4503,4.7008
1226.8000,0,3.2505,4.3861e-09,1.4512,4.7017
1226.8500,0,3.2505,4.3854e-09,1.452,4.7025
1226.9000,0,3.2505,4.3847e-09,1.4528,4.7033
1226.9500,0,3.2505,4.3839e-09,1.4537,4.7042
1227.0000,0,3.2505,4.3832e-09,1.4545,4.705
1227.0500,0,3.2505,4.3825e-09,1.4553,4.7058
1227.1000,0,3.2505,4.3817e-09,1.4562,4.7067
1227.1500,0,3.2505,4.381e-09,1.4571,4.7076
1227.2000,0,3.2505,4.3802e-09,1.4857,4.7362
1227.2500,0,3.2505,4.3795e-09,1.4936,4.7441
1227.3000,0,3.2505,4.3787e-09,1.4944,4.7449
1227.3500,0,3.2505,4.378e-09,1.4953,4.7458
1227.4000,0,3.2505,4.3772e-09,1.4961,4.7466
1227.4500,0,3.2505,4.3764e-09,1.497,4.7475
1227.5000,0,3.2505,4.3757e-09,1.4978,4.7483
1227.5500,0,3.2505,4.3749e-09,1.4987,4.7492
1227.6000,0,3.2505,4.3741e-09,1.4995,4.75
1227.6500,0,3.2505,4.3733e-09,1.5004,4.7509
1227.7000,0,3.2505,4.3725e-09,1.5177,4.7682
1227.7500,0,3.2505,4.3717e-09,1.5321,4.7826
1227.8000,0,3.2505,4.3709e-09,1.533,4.7835
1227.8500,0,3.2505,4.3701e-09,1.5339,4.7844
1227.9000,0,3.2505,4.3693e-09,1.5347,4.7852
1227.9500,0,3.2505,4.3685e-09,1.5356,4.7861
1228.0000,0,3.2505,4.3677e-09,1.5364,4.7869
1228.0500,0,3.2505,4.3669e-09,1.5373,4.7878
1228.1000,0,3.2505,4.366e-09,1.5382,4.7887
1228.1500,0,3.2505,4.3652e-09,1.539,4.7895
1228.2000,0,3.2505,4.3644e-09,1.549,4.7995
1228.2500,0,3.2505,4.3635e-09,1.5679,4.8184
1228.3000,0,3.2505,4.3627e-09,1.5688,4.8193
1228.3500,0,3.2505,4.3618e-09,1.5697,4.8202
1228.4000,0,3.2505,4.361e-09,1.5705,4.821
1228.4500,0,3.2505,4.3601e-09,1.5714,4.8219
1228.5000,0,3.2505,4.3593e-09,1.5723,4.8228
1228.5500,0,3.2505,4.3584e-09,1.5732,4.8237
1228.6000,0,3.2505,4.3575e-09,1.574,4.8245
1228.6500,0,3.2505,4.3567e-09,1.5749,4.8254
1228.7000,0,3.2505,4.3558e-09,1.5758,4.8263
1228.7500,0,3.2505,4.3549e-09,1.5766,4.8271
1228.8000,0,3.2505,4.354e-09,1.5775,4.828
1228.8500,0,3.2505,4.3531e-09,1.5918,4.8423
1228.9000,0,3.2505,4.3522e-09,1.6038,4.8543
1228.9500,0,3.2505,4.3513e-09,1.6047,4.8552
1229.0000,0,3.2505,4.3504e-09,1.6055,4.856
1229.0500,0,3.2505,4.3495e-09,1.6064,4.8569
1229.1000,0,3.2505,4.3486e-09,1.6162,4.8667
1229.1500,0,3.2505,4.3477e-09,1.6269,4.8774
1229.2000,0,3.2505,4.3468e-09,1.6278,4.8783
1229.2500,0,3.2505,4.3459e-09,1.6287,4.8792
1229.3000,0,3.2505,4.3449e-09,1.6296,4.8801
1229.3500,0,3.2505,4.344e-09,1.6305,4.881
1229.4000,0,3.2505,4.343e-09,1.6325,4.883
1229.4500,0,3.2505,4.3421e-09,1.6416,4.8921
1229.5000,0,3.2505,4.3412e-09,1.6427,4.8932
1229.5500,0,3.2505,4.3402e-09,1.6436,4.8941
1229.6000,0,3.2505,4.3393e-09,1.6444,4.8949
1229.6500,0,3.2505,4.3383e-09,1.6453,4.8958
1229.7000,0,3.2505,4.3373e-09,1.6462,4.8967
1229.7500,0,3.2505,4.3364e-09,1.6471,4.8976
1229.8000,0,3.2505,4.3354e-09,1.6567,4.9072
1229.8500,0,3.2505,4.3344e-09,1.6743,4.9248
1229.9000,0,3.2505,4.3334e-09,1.6752,4.9257
1229.9500,0,3.2505,4.3324e-09,1.6761,4.9266
1230.0000,0,3.2505,4.3314e-09,1.677,4.9275
1230.0500,0,3.2505,4.3305e-09,1.6779,4.9284
1230.1000,0,3.2505,4.3295e-09,1.6788,4.9293
1230.1500,0,3.2505,4.3284e-09,1.6797,4.9302
1230.2000,0,3.2505,4.3274e-09,1.696,4.9465
1230.2500,0,3.2505,4.3264e-09,1.7055,4.956
1230.3000,0,3.2505,4.3254e-09,1.7064,4.9569
1230.3500,0,3.2505,4.3244e-09,1.7074,4.9579
1230.4000,0,3.2505,4.3234e-09,1.7083,4.9588
1230.4500,0,3.2505,4.3223e-09,1.7092,4.9597
1230.5000,0,3.2505,4.3213e-09,1.7101,4.9606
1230.5500,0,3.2505,4.3203e-09,1.7113,4.9618
1230.6000,0,3.2505,4.3192e-09,1.7403,4.9908
1230.6500,0,3.2505,4.3182e-09,1.7427,4.9932
1230.7000,0,3.2505,4.3171e-09,1.7436,4.9941
1230.7500,0,3.2505,4.3161e-09,1.7446,4.9951
1230.8000,0,3.2505,4.315e-09,1.7455,4.996
1230.8500,0,3.2505,4.3139e-09,1.7464,4.9969
1230.9000,0,3.2505,4.3129e-09,1.7473,4.9978
1230.9500,0,3.2505,4.3118e-09,1.7582,5.0087
1231.0000,0,3.2505,4.3107e-09,1.7834,5.0339
1231.0500,0,3.2505,4.3096e-09,1.7843,5.0348
1231.1000,0,3.2505,4.3086e-09,1.7852,5.0357
1231.1500,0,3.2505,4.3075e-09,1.7862,5.0367
1231.2000,0,3.2505,4.3064e-09,1.7871,5.0376
1231.2500,0,3.2505,4.3053e-09,1.788,5.0385
1231.3000,0,3.2505,4.3042e-09,1.789,5.0395
1231.3500,0,3.2505,4.3031e-09,1.8121,5.0626
1231.4000,0,3.2505,4.302e-09,1.8292,5.0797
1231.4500,0,3.2505,4.3008e-09,1.8301,5.0806
1231.5000,0,3.2505,4.2997e-09,1.8311,5.0816
1231.5500,0,3.2505,4.2986e-09,1.832,5.0825
1231.6000,0,3.2505,4.2975e-09,1.833,5.0835
1231.6500,0,3.2505,4.2963e-09,1.8339,5.0844
1231.7000,0,3.2505,4.2952e-09,1.8352,5.0857
1231.7500,0,3.2505,4.2941e-09,1.8748,5.1253
1231.8000,0,3.2505,4.2929e-09,1.88,5.1305
1231.8500,0,3.2505,4.2918e-09,1.881,5.1315
1231.9000,0,3.2505,4.2906e-09,1.8819,5.1324
1231.9500,0,3.2505,4.2895e-09,1.8829,5.1334
1232.0000,0,3.2505,4.2883e-09,1.8839,5.1344
1232.0500,0,3.2505,4.2871e-09,1.8848,5.1353
1232.1000,0,3.2505,4.286e-09,1.8952,5.1457
1232.1500,0,3.2505,4.2848e-09,1.934,5.1845
1232.2000,0,3.2505,4.2836e-09,1.9349,5.1854
1232.2500,0,3.2505,4.2824e-09,1.9359,5.1864
1232.3000,0,3.2505,4.2812e-09,1.9369,5.1874
1232.3500,0,3.2505,4.28e-09,1.9379,5.1884
1232.4000,0,3.2505,4.2789e-09,1.9389,5.1894
1232.4500,0,3.2505,4.2777e-09,1.9399,5.1904
1232.5000,0,3.2505,4.2765e-09,1.9681,5.2186
1232.5500,0,3.2505,4.2752e-09,1.9933,5.2438
1232.6000,0,3.2505,4.274e-09,1.9943,5.2448
1232.6500,0,3.2505,4.2728e-09,1.9953,5.2458
1232.7000,0,3.2505,4.2716e-09,1.9963,5.2468
1232.7500,0,3.2505,4.2704e-09,1.9974,5.2479
1232.8000,0,3.2505,4.2691e-09,1.9984,5.2489
1232.8500,0,3.2505,4.2679e-09,1.9995,5.25
1232.9000,0,3.2505,4.2667e-09,2.0454,5.2959
1232.9500,0,3.2505,4.2654e-09,2.0565,5.307
1233.0000,0,3.2505,4.2642e-09,2.0575,5.308
1233.0500,0,3.2505,4.2629e-09,2.0585,5.309
1233.1000,0,3.2505,4.2617e-09,2.0596,5.3101
1233.1500,0,3.2505,4.2604e-09,2.0606,5.3111
1233.2000,0,3.2505,4.2592e-09,2.0616,5.3121
1233.2500,0,3.2505,4.2579e-09,2.0779,5.3284
1233.3000,0,3.2505,4.2566e-09,2.1619,5.4124
1233.3500,0,3.2505,4.2554e-09,2.1631,5.4136
1233.4000,0,3.2505,4.2541e-09,2.1642,5.4147
1233.4500,0,3.2505,4.2528e-09,2.1652,5.4157
1233.5000,0,3.2505,4.2515e-09,2.1856,5.4361
1233.5500,0,3.2505,4.2502e-09,2.1877,5.4382
1233.6000,0,3.2505,4.2489e-09,2.1888,5.4393
1233.6500,0,3.2505,4.2476e-09,2.1899,5.4404
1233.7000,0,3.2505,4.2463e-09,2.191,5.4415
1233.7500,0,3.2505,4.245e-09,2.1921,5.4426
1233.8000,0,3.2505,4.2437e-09,2.1931,5.4436
1233.8500,0,3.2505,4.2424e-09,2.1944,5.4449
1233.9000,0,3.2505,4.2411e-09,2.1957,5.4462
1233.9500,0,3.2505,4.2397e-09,2.1968,5.4473
1234.0000,0,3.2505,4.2384e-09,2.1978,5.4483
1234.0500,0,3.2505,4.2371e-09,2.1989,5.4494
1234.1000,0,3.2505,4.2357e-09,2.2,5.4505
1234.1500,0,3.2505,4.2344e-09,2.2011,5.4516
1234.2000,0,3.2505,4.2331e-09,2.2033,5.4538
1234.2500,0,3.2505,4.2317e-09,2.3687,5.6192
1234.3000,0,3.2505,4.2303e-09,2.3915,5.642
1234.3500,0,3.2505,4.229e-09,2.3926,5.6431
1234.4000,0,3.2505,4.2276e-09,2.3938,5.6443
1234.4500,0,3.2505,4.2263e-09,2.395,5.6455
1234.5000,0,3.2505,4.2249e-09,2.3961,5.6466
1234.5500,0,3.2505,4.2235e-09,2.3973,5.6478
1234.6000,0,3.2505,4.2221e-09,2.3985,5.649
1234.6500,0,3.2505,4.2208e-09,2.3996,5.6501
1234.7000,0,3.2505,4.2194e-09,2.4008,5.6513
1234.7500,0,3.2505,4.218e-09,2.4019,5.6524
1234.8000,0,3.2505,4.2166e-09,2.4031,5.6536
1234.8500,0,3.2505,4.2152e-09,2.4043,5.6548
1234.9000,0,3.2505,4.2138e-09,2.4054,5.6559
1234.9500,0,3.2505,4.2124e-09,2.4066,5.6571
1235.0000,0,3.2505,4.211e-09,2.4305,5.681
1235.0500,0,3.2505,4.2096e-09,2.472,5.7225
1235.1000,0,3.2505,4.2082e-09,2.4732,5.7237
1235.1500,0,3.2505,4.2067e-09,2.4744,5.7249
1235.2000,0,3.2505,4.2053e-09,2.4756,5.7261
1235.2500,0,3.2505,4.2039e-09,2.4768,5.7273
1235.3000,0,3.2505,4.2024e-09,2.4779,5.7284
1235.3500,0,3.2505,4.201e-09,2.4791,5.7296
1235.4000,0,3.2505,4.1996e-09,2.4808,5.7313
1235.4500,0,3.2505,4.1981e-09,2.4819,5.7324
1235.5000,0,3.2505,4.1967e-09,2.4831,5.7336
1235.5500,0,3.2505,4.1952e-09,2.4843,5.7348
1235.6000,0,3.2505,4.1938e-09,2.4855,5.736
1235.6500,0,3.2505,4.1923e-09,2.4866,5.7371
1235.7000,0,3.2505,4.1908e-09,2.4878,5.7383
1235.7500,0,3.2505,4.1894e-09,2.4913,5.7418
1235.8000,0,3.2505,4.1879e-09,2.6095,5.86
1235.8500,0,3.2505,4.1864e-09,2.6165,5.867
1235.9000,0,3.2505,4.1849e-09,2.6177,5.8682
1235.9500,0,3.2505,4.1834e-09,2.619,5.8695
1236.0000,0,3.2505,4.1819e-09,2.6202,5.8707
1236.0500,0,3.2505,4.1804e-09,2.6214,5.8719
1236.1000,0,3.2505,4.179e-09,2.6226,5.8731
1236.1500,0,3.2505,4.1774e-09,2.6239,5.8744
1236.2000,0,3.2505,4.1759e-09,2.6251,5.8756
1236.2500,0,3.2505,4.1744e-09,2.6263,5.8768
1236.3000,0,3.2505,4.1729e-09,2.6276,5.8781
1236.3500,0,3.2505,4.1714e-09,2.6288,5.8793
1236.4000,0,3.2505,4.1699e-09,2.63,5.8805
1236.4500,0,3.2505,4.1684e-09,2.6312,5.8817
1236.5000,0,3.2505,4.1668e-09,2.6324,5.8829
1236.5500,0,3.2505,4.1653e-09,2.7141,5.9646
1236.6000,0,3.2505,4.1638e-09,2.7606,6.0111
1236.6500,0,3.2505,4.1622e-09,2.7619,6.0124
1236.7000,0,3.2505,4.1607e-09,2.7632,6.0137
1236.7500,0,3.2505,4.1591e-09,2.7645,6.015
1236.8000,0,3.2505,4.1576e-09,2.7658,6.0163
1236.8500,0,3.2505,4.156e-09,2.767,6.0175
1236.9000,0,3.2505,4.1544e-09,2.7683,6.0188
1236.9500,0,3.2505,4.1529e-09,2.7696,6.0201
1237.0000,0,3.2505,4.1513e-09,2.7709,6.0214
1237.0500,0,3.2505,4.1497e-09,2.7721,6.0226
1237.1000,0,3.2505,4.1482e-09,2.7734,6.0239
1237.1500,0,3.2505,4.1466e-09,2.7747,6.0252
1237.2000,0,3.2505,4.145e-09,2.7759,6.0264
1237.2500,0,3.2505,4.1434e-09,2.7772,6.0277
1237.3000,0,3.2505,4.1418e-09,2.8171,6.0676
1237.3500,0,3.2505,4.1402e-09,2.9131,6.1636
1237.4000,0,3.2505,4.1386e-09,2.9144,6.1649
1237.4500,0,3.2505,4.137e-09,2.9157,6.1662
1237.5000,0,3.2505,4.1354e-09,2.917,6.1675
1237.5500,0,3.2505,4.1338e-09,2.9184,6.1689
1237.6000,0,3.2505,4.1322e-09,2.9197,6.1702
1237.6500,0,3.2505,4.1306e-09,2.921,6.1715
1237.7000,0,3.2505,4.1289e-09,2.9224,6.1729
1237.7500,0,3.2505,4.1273e-09,2.925,6.1755
1237.8000,0,3.2505,4.1257e-09,2.9356,6.1861
1237.8500,0,3.2505,4.124e-09,2.9933,6.2438
1237.9000,0,3.2505,4.1224e-09,3.2582,6.5087
1237.9500,0,3.2505,4.1207e-09,4.2062,7.4567
1238.0000,0,3.2505,4.1191e-09,6.7929,10.043
1238.0500,0,3.2505,4.1174e-09,12.078,15.328
1238.1000,0,3.2505,4.1158e-09,20.016,23.266
1238.1500,0,3.2505,4.1141e-09,27.692,30.942
1238.2000,0,3.2505,4.1125e-09,31.063,34.314
1238.2500,0,3.2505,4.1108e-09,27.997,31.247
1238.3000,0,3.2505,4.1091e-09,20.456,23.706
1238.3500,0,3.2505,4.1075e-09,12.57,15.82
1238.4000,0,3.2505,4.1058e-09,7.1408,10.391
1238.4500,0,3.2505,4.1041e-09,4.4439,7.6944
1238.5000,0,3.2505,4.1024e-09,3.4432,6.6937
1238.5500,0,3.2505,4.1007e-09,3.1616,6.4121
1238.6000,0,3.2505,4.099e-09,3.1017,6.3522
1238.6500,0,3.2505,4.0973e-09,3.0928,6.3433
1238.7000,0,3.2505,4.0956e-09,3.0928,6.3433
1238.7500,0,3.2505,4.0939e-09,3.0941,6.3446
1238.8000,0,3.2505,4.0922e-09,3.0954,6.3459
1238.8500,0,3.2505,4.0905e-09,3.1621,6.4126
1238.9000,0,3.2505,4.0888e-09,3.2527,6.5032
1238.9500,0,3.2505,4.0871e-09,3.2541,6.5046
1239.0000,0,3.2505,4.0853e-09,3.2555,6.506
1239.0500,0,3.2505,4.0836e-09,3.257,6.5075
1239.1000,0,3.2505,4.0819e-09,3.2584,6.5089
1239.1500,0,3.2505,4.0802e-09,3.2598,6.5103
1239.2000,0,3.2505,4.0784e-09,3.2612,6.5117
1239.2500,0,3.2505,4.0767e-09,3.2627,6.5132
1239.3000,0,3.2505,4.0749e-09,3.2641,6.5146
1239.3500,0,3.2505,4.0732e-09,3.2655,6.516
1239.4000,0,3.2505,4.0714e-09,3.2669,6.5174
1239.4500,0,3.2505,4.0697e-09,3.2683,6.5188
1239.5000,0,3.2505,4.0679e-09,3.2697,6.5202
1239.5500,0,3.2505,4.0661e-09,3.2712,6.5217
1239.6000,0,3.2505,4.0644e-09,3.2726,6.5231
1239.6500,0,3.2505,4.0626e-09,3.274,6.5245
1239.7000,0,3.2505,4.0608e-09,3.2754,6.5259
1239.7500,0,3.2505,4.059e-09,3.2768,6.5273
1239.8000,0,3.2505,4.0572e-09,3.2782,6.5287
1239.8500,0,3.2505,4.0555e-09,3.2796,6.5301
1239.9000,0,3.2505,4.0537e-09,3.281,6.5315
1239.9500,0,3.2505,4.0519e-09,3.2838,6.5343
1240.0000,0,3.2505,4.0501e-09,3.4401,6.6906
1240.0500,0,3.2505,4.0483e-09,3.4646,6.7151
1240.1000,0,3.2505,4.0465e-09,3.4826,6.7331
1240.1500,0,3.2505,4.0447e-09,3.5008,6.7513
1240.2000,0,3.2505,4.0429e-09,3.5209,6.7714
1240.2500,0,3.2505,4.0411e-09,3.5224,6.7729
1240.3000,0,3.2505,4.0393e-09,3.5405,6.791
1240.3500,0,3.2505,4.0375e-09,3.5966,6.8471
1240.4000,0,3.2505,4.0356e-09,3.5981,6.8486
1240.4500,0,3.2505,4.0338e-09,3.5997,6.8502
1240.5000,0,3.2505,4.032e-09,3.6012,6.8517
1240.5500,0,3.2505,4.0302e-09,3.6027,6.8532
1240.6000,0,3.2505,4.0283e-09,3.6042,6.8547
1240.6500,0,3.2505,4.0265e-09,3.6057,6.8562
1240.7000,0,3.2505,4.0247e-09,3.6073,6.8578
1240.7500,0,3.2505,4.0228e-09,3.6088,6.8593
1240.8000,0,3.2505,4.021e-09,3.6103,6.8608
1240.8500,0,3.2505,4.0191e-09,3.6118,6.8623
1240.9000,0,3.2505,4.0173e-09,3.6133,6.8638
1240.9500,0,3.2505,4.0154e-09,3.6893,6.9398
1241.0000,0,3.2505,4.0135e-09,3.7653,7.0158
1241.0500,0,3.2505,4.0117e-09,3.7669,7.0174
1241.1000,0,3.2505,4.0098e-09,3.7684,7.0189
1241.1500,0,3.2505,4.0079e-09,3.77,7.0205
1241.2000,0,3.2505,4.0061e-09,3.7716,7.0221
1241.2500,0,3.2505,4.0042e-09,3.7732,7.0237
1241.3000,0,3.2505,4.0023e-09,3.7747,7.0252
1241.3500,0,3.2505,4.0004e-09,3.7763,7.0268
1241.4000,0,3.2505,3.9985e-09,3.7778,7.0283
1241.4500,0,3.2505,3.9966e-09,3.7794,7.0299
1241.5000,0,3.2505,3.9947e-09,3.781,7.0315
1241.5500,0,3.2505,3.9928e-09,3.7825,7.033
1241.6000,0,3.2505,3.9909e-09,3.9593,7.2098
1241.6500,0,3.2505,3.989e-09,4.0299,7.2804
1241.7000,0,3.2505,3.9871e-09,4.0317,7.2822
1241.7500,0,3.2505,3.9852e-09,4.0346,7.2851
1241.8000,0,3.2505,3.9833e-09,4.0449,7.2954
1241.8500,0,3.2505,3.9813e-09,4.094,7.3445
1241.9000,0,3.2505,3.9794e-09,4.2968,7.5473
1241.9500,0,3.2505,3.9775e-09,4.95,8.2005
1242.0000,0,3.2505,3.9755e-09,6.5494,9.7999
1242.0500,0,3.2505,3.9736e-09,9.4539,12.704
1242.1000,0,3.2505,3.9717e-09,13.186,16.436
1242.1500,0,3.2505,3.9697e-09,16.14,19.39
1242.2000,0,3.2505,3.9678e-09,16.577,19.828
1242.2500,0,3.2505,3.9658e-09,14.216,17.466
1242.3000,0,3.2505,3.9639e-09,10.511,13.762
1242.3500,0,3.2505,3.9619e-09,7.2672,10.518
1242.4000,0,3.2505,3.9599e-09,8.103,11.354
1242.4500,0,3.2505,3.958e-09,4.5237,7.7742
1242.5000,0,3.2505,3.956e-09,4.2425,7.493
1242.5500,0,3.2505,3.954e-09,4.1772,7.4277
1242.6000,0,3.2505,3.952e-09,4.1643,7.4148
1242.6500,0,3.2505,3.9501e-09,4.1637,7.4142
1242.7000,0,3.2505,3.9481e-09,4.1651,7.4156
1242.7500,0,3.2505,3.9461e-09,4.1668,7.4173
1242.8000,0,3.2505,3.9441e-09,4.1685,7.419
1242.8500,0,3.2505,3.9421e-09,4.1851,7.4356
1242.9000,0,3.2505,3.9401e-09,4.3335,7.584
1242.9500,0,3.2505,3.9381e-09,4.339,7.5895
1243.0000,0,3.2505,3.9361e-09,4.3407,7.5912
1243.0500,0,3.2505,3.9341e-09,4.3424,7.5929
1243.1000,0,3.2505,3.9321e-09,4.3441,7.5946
1243.1500,0,3.2505,3.93e-09,4.3459,7.5964
1243.2000,0,3.2505,3.928e-09,4.3476,7.5981
1243.2500,0,3.2505,3.926e-09,4.4567,7.7072
1243.3000,0,3.2505,3.924e-09,4.5387,7.7892
1243.3500,0,3.2505,3.9219e-09,4.5405,7.791
1243.4000,0,3.2505,3.9199e-09,4.5423,7.7928
1243.4500,0,3.2505,3.9179e-09,4.5441,7.7946
1243.5000,0,3.2505,3.9158e-09,4.5459,7.7964
1243.5500,0,3.2505,3.9138e-09,4.5477,7.7982
1243.6000,0,3.2505,3.9117e-09,4.5495,7.8
1243.6500,0,3.2505,3.9097e-09,4.5512,7.8017
1243.7000,0,3.2505,3.9076e-09,4.553,7.8035
1243.7500,0,3.2505,3.9056e-09,4.5548,7.8053
1243.8000,0,3.2505,3.9035e-09,4.5566,7.8071
1243.8500,0,3.2505,3.9014e-09,4.5584,7.8089
1243.9000,0,3.2505,3.8994e-09,4.5601,7.8106
1243.9500,0,3.2505,3.8973e-09,4.5619,7.8124
1244.0000,0,3.2505,3.8952e-09,4.5637,7.8142
1244.0500,0,3.2505,3.8931e-09,4.5654,7.8159
1244.1000,0,3.2505,3.8911e-09,4.5672,7.8177
1244.1500,0,3.2505,3.889e-09,4.569,7.8195
1244.2000,0,3.2505,3.8869e-09,4.5708,7.8213
1244.2500,0,3.2505,3.8848e-09,4.5725,7.823
1244.3000,0,3.2505,3.8827e-09,4.5743,7.8248
1244.3500,0,3.2505,3.8806e-09,4.576,7.8265
1244.4000,0,3.2505,3.8785e-09,4.5778,7.8283
1244.4500,0,3.2505,3.8764e-09,4.5796,7.8301
1244.5000,0,3.2505,3.8743e-09,4.5813,7.8318
1244.5500,0,3.2505,3.8721e-09,4.5831,7.8336
1244.6000,0,3.2505,3.87e-09,4.5848,7.8353
1244.6500,0,3.2505,3.8679e-09,4.5866,7.8371
1244.7000,0,3.2505,3.8658e-09,4.7129,7.9634
1244.7500,0,3.2505,3.8636e-09,4.9404,8.1909
1244.8000,0,3.2505,3.8615e-09,4.9422,8.1927
1244.8500,0,3.2505,3.8594e-09,4.9441,8.1946
1244.9000,0,3.2505,3.8572e-09,4.946,8.1965
1244.9500,0,3.2505,3.8551e-09,4.9479,8.1984
1245.0000,0,3.2505,3.853e-09,4.9497,8.2002
1245.0500,0,3.2505,3.8508e-09,4.9516,8.2021
1245.1000,0,3.2505,3.8487e-09,4.9535,8.204
1245.1500,0,3.2505,3.8465e-09,4.9553,8.2058
1245.2000,0,3.2505,3.8443e-09,4.9572,8.2077
1245.2500,0,3.2505,3.8422e-09,4.9591,8.2096
1245.3000,0,3.2505,3.84e-09,5.0764,8.3269
1245.3500,0,3.2505,3.8378e-09,5.1405,8.391
1245.4000,0,3.2505,3.8357e-09,5.1424,8.3929
1245.4500,0,3.2505,3.8335e-09,5.1444,8.3949
1245.5000,0,3.2505,3.8313e-09,5.1463,8.3968
1245.5500,0,3.2505,3.8291e-09,5.1482,8.3987
1245.6000,0,3.2505,3.8269e-09,5.1501,8.4006
1245.6500,0,3.2505,3.8247e-09,5.152,8.4025
1245.7000,0,3.2505,3.8226e-09,5.154,8.4045
1245.7500,0,3.2505,3.8204e-09,5.1559,8.4064
1245.8000,0,3.2505,3.8182e-09,5.1578,8.4083
1245.8500,0,3.2505,3.816e-09,5.1613,8.4118
1245.9000,0,3.2505,3.8137e-09,5.3353,8.5858
1245.9500,0,3.2505,3.8115e-09,5.3481,8.5986
1246.0000,0,3.2505,3.8093e-09,5.35,8.6005
1246.0500,0,3.2505,3.8071e-09,5.352,8.6025
1246.1000,0,3.2505,3.8049e-09,5.354,8.6045
1246.1500,0,3.2505,3.8027e-09,5.3559,8.6064
1246.2000,0,3.2505,3.8004e-09,5.3579,8.6084
1246.2500,0,3.2505,3.7982e-09,5.3599,8.6104
1246.3000,0,3.2505,3.796e-09,5.3618,8.6123
1246.3500,0,3.2505,3.7937e-09,5.3638,8.6143
1246.4000,0,3.2505,3.7915e-09,5.3658,8.6163
1246.4500,0,3.2505,3.7892e-09,5.4166,8.6671
1246.5000,0,3.2505,3.787e-09,5.5651,8.8156
1246.5500,0,3.2505,3.7848e-09,5.5672,8.8177
1246.6000,0,3.2505,3.7825e-09,5.5692,8.8197
1246.6500,0,3.2505,3.7802e-09,5.5712,8.8217
1246.7000,0,3.2505,3.778e-09,5.5732,8.8237
1246.7500,0,3.2505,3.7757e-09,5.5753,8.8258
1246.8000,0,3.2505,3.7734e-09,5.5773,8.8278
1246.8500,0,3.2505,3.7712e-09,5.5793,8.8298
1246.9000,0,3.2505,3.7689e-09,5.5813,8.8318
1246.9500,0,3.2505,3.7666e-09,5.5833,8.8338
1247.0000,0,3.2505,3.7643e-09,5.5853,8.8358
1247.0500,0,3.2505,3.7621e-09,5.7013,8.9518
1247.1000,0,3.2505,3.7598e-09,5.7966,9.0471
1247.1500,0,3.2505,3.7575e-09,5.7987,9.0492
1247.2000,0,3.2505,3.7552e-09,5.8007,9.0512
1247.2500,0,3.2505,3.7529e-09,5.8028,9.0533
1247.3000,0,3.2505,3.7506e-09,5.8049,9.0554
1247.3500,0,3.2505,3.7483e-09,5.8069,9.0574
1247.4000,0,3.2505,3.746e-09,5.809,9.0595
1247.4500,0,3.2505,3.7437e-09,5.8111,9.0616
1247.5000,0,3.2505,3.7414e-09,5.8132,9.0637
1247.5500,0,3.2505,3.739e-09,5.8152,9.0657
1247.6000,0,3.2505,3.7367e-09,5.8183,9.0688
1247.6500,0,3.2505,3.7344e-09,6.0089,9.2594
1247.7000,0,3.2505,3.7321e-09,6.0424,9.2929
1247.7500,0,3.2505,3.7298e-09,6.0445,9.295
1247.8000,0,3.2505,3.7274e-09,6.0467,9.2972
1247.8500,0,3.2505,3.7251e-09,6.0488,9.2993
1247.9000,0,3.2505,3.7227e-09,6.0509,9.3014
1247.9500,0,3.2505,3.7204e-09,6.0531,9.3036
1248.0000,0,3.2505,3.7181e-09,6.0552,9.3057
1248.0500,0,3.2505,3.7157e-09,6.0575,9.308
1248.1000,0,3.2505,3.7134e-09,6.2331,9.4836
1248.1500,0,3.2505,3.711e-09,6.2849,9.5354
1248.2000,0,3.2505,3.7086e-09,6.2871,9.5376
1248.2500,0,3.2505,3.7063e-09,6.2893,9.5398
1248.3000,0,3.2505,3.7039e-09,6.2915,9.542
1248.3500,0,3.2505,3.7015e-09,6.2937,9.5442
1248.4000,0,3.2505,3.6992e-09,6.2958,9.5463
1248.4500,0,3.2505,3.6968e-09,6.298,9.5485
1248.5000,0,3.2505,3.6944e-09,6.3002,9.5507
1248.5500,0,3.2505,3.692e-09,6.3024,9.5529
1248.6000,0,3.2505,3.6897e-09,6.3046,9.5551
1248.6500,0,3.2505,3.6873e-09,6.3067,9.5572
1248.7000,0,3.2505,3.6849e-09,6.3089,9.5594
1248.7500,0,3.2505,3.6825e-09,6.3111,9.5616
1248.8000,0,3.2505,3.6801e-09,6.3132,9.5637
1248.8500,0,3.2505,3.6777e-09,6.3154,9.5659
1248.9000,0,3.2505,3.6753e-09,6.3176,9.5681
1248.9500,0,3.2505,3.6729e-09,6.3197,9.5702
1249.0000,0,3.2505,3.6705e-09,6.3219,9.5724
1249.0500,0,3.2505,3.6681e-09,6.324,9.5745
1249.1000,0,3.2505,3.6656e-09,6.3262,9.5767
1249.1500,0,3.2505,3.6632e-09,6.3283,9.5788
1249.2000,0,3.2505,3.6608e-09,6.5093,9.7598
1249.2500,0,3.2505,3.6584e-09,6.665,9.9155
1249.3000,0,3.2505,3.6519e-09,6.6672,9.9177
1249.3500,0,3.2505,3.56e-09,6.6695,9.92
1249.4000,0,3.2505,3.098e-09,6.6717,9.9222
1249.4500,0,3.2505,2.5754e-09,6.674,9.9245
1249.5000,0,3.2505,2.1184e-09,6.2694,9.5199